cT,cF
0.69932,0.30068