U,M,P,aT,aF
uT,mT,pT,0.95842,0.04158
uT,mT,pF,0.35837,0.64163
uT,mF,pT,0.72082,0.27918
uT,mF,pF,0.30769,0.69231
uF,mT,pT,0.49232,0.50768
uF,mT,pF,0.20619,0.79381
uF,mF,pT,0.42043,0.57957
uF,mF,pF,0.09646,0.90354