S,P,hT,hF
sT,pT,0.80252,0.19748
sT,pF,0.89790,0.10210
sF,pT,0.09447,0.90553
sF,pF,0.30556,0.69444