C,S,mT,mF
cT,sT,0.68564,0.31436
cT,sF,0.89635,0.10365
cF,sT,0.41347,0.58653
cF,sF,0.12329,0.87671