pT,pF
0.60216,0.39784