C,S,rT,rF
cT,sT,0.90484,0.09516
cT,sF,0.40307,0.59693
cF,sT,0.79326,0.20674
cF,sF,0.10731,0.89269