sT,sF
0.70472,0.29528