R,H,uT,uF
rT,hT,0.89633,0.10367
rT,hF,0.20737,0.79263
rF,hT,0.30714,0.69286
rF,hF,0.05066,0.94934